<?xml version="1.0" encoding="UTF-8"?>
<export version="D">
  <design>
    <source>C:\Users\Dylan\Documents\Grad School stuff\S20\Digital_IC\ECE725\SAR_pcb_v2A\SAR_pcb.sch</source>
    <date>10/21/2020 4:16:12 PM</date>
    <tool>Eeschema (5.1.6)-1</tool>
    <sheet number="1" name="/" tstamps="/">
      <title_block>
        <title/>
        <company/>
        <rev/>
        <date/>
        <source>SAR_pcb.sch</source>
        <comment number="1" value=""/>
        <comment number="2" value=""/>
        <comment number="3" value=""/>
        <comment number="4" value=""/>
      </title_block>
    </sheet>
  </design>
  <components>
    <comp ref="U2">
      <value>10B_SAR</value>
      <footprint>Package_DFN_QFN:QFN-32-1EP_5x5mm_P0.5mm_EP3.1x3.1mm_ThermalVias</footprint>
      <libsource lib="SAR_pcb-rescue" part="10B_SAR-SAR_ADC" description=""/>
      <sheetpath names="/" tstamps="/"/>
      <tstamp>5F7A3A6A</tstamp>
    </comp>
    <comp ref="J10">
      <value>Conn_Coaxial</value>
      <footprint>SAR_pcb:CustomSMA</footprint>
      <datasheet>https://www.digikey.com/short/zn8tvt</datasheet>
      <libsource lib="Connector" part="Conn_Coaxial" description="coaxial connector (BNC, SMA, SMB, SMC, Cinch/RCA, ...)"/>
      <sheetpath names="/" tstamps="/"/>
      <tstamp>5F7C01E2</tstamp>
    </comp>
    <comp ref="J9">
      <value>Conn_Coaxial</value>
      <footprint>SAR_pcb:CustomSMA</footprint>
      <datasheet>https://www.digikey.com/short/zn8tvt</datasheet>
      <libsource lib="Connector" part="Conn_Coaxial" description="coaxial connector (BNC, SMA, SMB, SMC, Cinch/RCA, ...)"/>
      <sheetpath names="/" tstamps="/"/>
      <tstamp>5F7C2E44</tstamp>
    </comp>
    <comp ref="C1">
      <value>10u</value>
      <footprint>Capacitor_SMD:C_0805_2012Metric</footprint>
      <datasheet>https://www.digikey.com/short/znt492</datasheet>
      <libsource lib="Device" part="C" description="Unpolarized capacitor"/>
      <sheetpath names="/" tstamps="/"/>
      <tstamp>5F7E2A59</tstamp>
    </comp>
    <comp ref="C14">
      <value>0.01u</value>
      <footprint>Capacitor_SMD:C_0603_1608Metric</footprint>
      <datasheet>https://www.digikey.com/short/znht7p</datasheet>
      <libsource lib="Device" part="C" description="Unpolarized capacitor"/>
      <sheetpath names="/" tstamps="/"/>
      <tstamp>5F7F40D7</tstamp>
    </comp>
    <comp ref="C2">
      <value>10u</value>
      <footprint>Capacitor_SMD:C_0805_2012Metric</footprint>
      <datasheet>https://www.digikey.com/short/znt492</datasheet>
      <libsource lib="Device" part="C" description="Unpolarized capacitor"/>
      <sheetpath names="/" tstamps="/"/>
      <tstamp>5F7F40EF</tstamp>
    </comp>
    <comp ref="C15">
      <value>0.01u</value>
      <footprint>Capacitor_SMD:C_0603_1608Metric</footprint>
      <datasheet>https://www.digikey.com/short/znht7p</datasheet>
      <libsource lib="Device" part="C" description="Unpolarized capacitor"/>
      <sheetpath names="/" tstamps="/"/>
      <tstamp>5F7F8534</tstamp>
    </comp>
    <comp ref="C3">
      <value>10u</value>
      <footprint>Capacitor_SMD:C_0805_2012Metric</footprint>
      <datasheet>https://www.digikey.com/short/znt492</datasheet>
      <libsource lib="Device" part="C" description="Unpolarized capacitor"/>
      <sheetpath names="/" tstamps="/"/>
      <tstamp>5F7F854C</tstamp>
    </comp>
    <comp ref="H1">
      <value>MountingHole</value>
      <footprint>MountingHole:MountingHole_3mm</footprint>
      <datasheet>~</datasheet>
      <libsource lib="Mechanical" part="MountingHole" description="Mounting Hole without connection"/>
      <sheetpath names="/" tstamps="/"/>
      <tstamp>5F805D9F</tstamp>
    </comp>
    <comp ref="H2">
      <value>MountingHole</value>
      <footprint>MountingHole:MountingHole_3mm</footprint>
      <datasheet>~</datasheet>
      <libsource lib="Mechanical" part="MountingHole" description="Mounting Hole without connection"/>
      <sheetpath names="/" tstamps="/"/>
      <tstamp>5F806E62</tstamp>
    </comp>
    <comp ref="H3">
      <value>MountingHole</value>
      <footprint>MountingHole:MountingHole_3mm</footprint>
      <datasheet>~</datasheet>
      <libsource lib="Mechanical" part="MountingHole" description="Mounting Hole without connection"/>
      <sheetpath names="/" tstamps="/"/>
      <tstamp>5F809B29</tstamp>
    </comp>
    <comp ref="H4">
      <value>MountingHole</value>
      <footprint>MountingHole:MountingHole_3mm</footprint>
      <datasheet>~</datasheet>
      <libsource lib="Mechanical" part="MountingHole" description="Mounting Hole without connection"/>
      <sheetpath names="/" tstamps="/"/>
      <tstamp>5F80C6CA</tstamp>
    </comp>
    <comp ref="J1">
      <value>Conn_Coaxial_Power</value>
      <footprint>Connector_Coaxial:BNC_TEConnectivity_1478204_Vertical</footprint>
      <datasheet>https://www.digikey.com/short/zn8tnn</datasheet>
      <libsource lib="Connector" part="Conn_Coaxial_Power" description="coaxial connector (BNC, SMA, SMB, SMC, Cinch/RCA, ...)"/>
      <sheetpath names="/" tstamps="/"/>
      <tstamp>5F84613C</tstamp>
    </comp>
    <comp ref="J2">
      <value>Conn_Coaxial_Power</value>
      <footprint>Connector_Coaxial:BNC_TEConnectivity_1478204_Vertical</footprint>
      <datasheet>https://www.digikey.com/short/zn8tnn</datasheet>
      <libsource lib="Connector" part="Conn_Coaxial_Power" description="coaxial connector (BNC, SMA, SMB, SMC, Cinch/RCA, ...)"/>
      <sheetpath names="/" tstamps="/"/>
      <tstamp>5F8492B8</tstamp>
    </comp>
    <comp ref="R1">
      <value>0,&lt;0.3 mOhm</value>
      <footprint>Resistor_SMD:R_0603_1608Metric</footprint>
      <datasheet>https://www.digikey.com/short/znhtqv</datasheet>
      <libsource lib="Device" part="R" description="Resistor"/>
      <sheetpath names="/" tstamps="/"/>
      <tstamp>5F8560B6</tstamp>
    </comp>
    <comp ref="R2">
      <value>49.9</value>
      <footprint>Resistor_SMD:R_0603_1608Metric</footprint>
      <datasheet>https://www.digikey.com/short/znht5c</datasheet>
      <libsource lib="Device" part="R" description="Resistor"/>
      <sheetpath names="/" tstamps="/"/>
      <tstamp>5F87C134</tstamp>
    </comp>
    <comp ref="L1">
      <value>1 nH</value>
      <footprint>Inductor_SMD:L_0603_1608Metric</footprint>
      <datasheet>https://www.digikey.com/short/znt81t</datasheet>
      <libsource lib="Device" part="L" description="Inductor"/>
      <sheetpath names="/" tstamps="/"/>
      <tstamp>5F87E476</tstamp>
    </comp>
    <comp ref="R3">
      <value>26.1</value>
      <footprint>Resistor_SMD:R_0603_1608Metric</footprint>
      <datasheet>https://www.digikey.com/short/znht2d</datasheet>
      <libsource lib="Device" part="R" description="Resistor"/>
      <sheetpath names="/" tstamps="/"/>
      <tstamp>5F87EA0E</tstamp>
    </comp>
    <comp ref="R4">
      <value>49.9</value>
      <footprint>Resistor_SMD:R_0603_1608Metric</footprint>
      <datasheet>https://www.digikey.com/short/znht5c</datasheet>
      <libsource lib="Device" part="R" description="Resistor"/>
      <sheetpath names="/" tstamps="/"/>
      <tstamp>5F91ABE8</tstamp>
    </comp>
    <comp ref="L2">
      <value>2.2 nH</value>
      <footprint>Inductor_SMD:L_0603_1608Metric</footprint>
      <datasheet>https://www.digikey.com/short/znhtd8</datasheet>
      <libsource lib="Device" part="L" description="Inductor"/>
      <sheetpath names="/" tstamps="/"/>
      <tstamp>5F91ABEE</tstamp>
    </comp>
    <comp ref="R5">
      <value>10</value>
      <footprint>Resistor_SMD:R_0603_1608Metric</footprint>
      <datasheet>https://www.digikey.com/short/znhtrd</datasheet>
      <libsource lib="Device" part="R" description="Resistor"/>
      <sheetpath names="/" tstamps="/"/>
      <tstamp>5F91ABF4</tstamp>
    </comp>
    <comp ref="J3">
      <value>Conn_02x10_Top_Bottom</value>
      <footprint>Connector_PinHeader_2.54mm:PinHeader_2x10_P2.54mm_Vertical</footprint>
      <datasheet>https://www.digikey.com/short/zn87b0</datasheet>
      <libsource lib="Connector_Generic" part="Conn_02x10_Odd_Even" description="Generic connector, double row, 02x10, odd/even pin numbering scheme (row 1 odd numbers, row 2 even numbers), script generated (kicad-library-utils/schlib/autogen/connector/)"/>
      <sheetpath names="/" tstamps="/"/>
      <tstamp>5F87EC32</tstamp>
    </comp>
    <comp ref="R6">
      <value>1k</value>
      <footprint>Resistor_SMD:R_0805_2012Metric</footprint>
      <datasheet>https://www.digikey.com/short/zn87j1</datasheet>
      <libsource lib="Device" part="R" description="Resistor"/>
      <sheetpath names="/" tstamps="/"/>
      <tstamp>5F90EE23</tstamp>
    </comp>
    <comp ref="SW1">
      <value>SW_Push</value>
      <footprint>Button_Switch_THT:SW_DIP_SPSTx02_Slide_9.78x7.26mm_W7.62mm_P2.54mm</footprint>
      <datasheet>https://www.digikey.com/short/zn87mb</datasheet>
      <libsource lib="Switch" part="SW_DIP_x02" description="2x DIP Switch, Single Pole Single Throw (SPST) switch, small symbol"/>
      <sheetpath names="/" tstamps="/"/>
      <tstamp>5F90B1F6</tstamp>
    </comp>
    <comp ref="C16">
      <value>1u</value>
      <footprint>Capacitor_SMD:C_0805_2012Metric</footprint>
      <datasheet>https://www.digikey.com/short/znt4f2</datasheet>
      <libsource lib="Device" part="C" description="Unpolarized capacitor"/>
      <sheetpath names="/" tstamps="/"/>
      <tstamp>5F88DDBD</tstamp>
    </comp>
    <comp ref="J4">
      <value>Conn_01x06</value>
      <footprint>Connector_PinSocket_2.54mm:PinSocket_1x06_P2.54mm_Vertical</footprint>
      <datasheet>https://www.digikey.com/short/zn8t4v</datasheet>
      <libsource lib="Connector_Generic" part="Conn_01x06" description="Generic connector, single row, 01x06, script generated (kicad-library-utils/schlib/autogen/connector/)"/>
      <sheetpath names="/" tstamps="/"/>
      <tstamp>5F87A93B</tstamp>
    </comp>
    <comp ref="C17">
      <value>0.01u</value>
      <footprint>Capacitor_SMD:C_0603_1608Metric</footprint>
      <datasheet>https://www.digikey.com/short/znht7p</datasheet>
      <libsource lib="Device" part="C" description="Unpolarized capacitor"/>
      <sheetpath names="/" tstamps="/"/>
      <tstamp>5F89E812</tstamp>
    </comp>
    <comp ref="C19">
      <value>0.01u</value>
      <footprint>Capacitor_SMD:C_0603_1608Metric</footprint>
      <datasheet>https://www.digikey.com/short/znht7p</datasheet>
      <libsource lib="Device" part="C" description="Unpolarized capacitor"/>
      <sheetpath names="/" tstamps="/"/>
      <tstamp>5F8B10D0</tstamp>
    </comp>
    <comp ref="C18">
      <value>0.01u</value>
      <footprint>Capacitor_SMD:C_0603_1608Metric</footprint>
      <datasheet>https://www.digikey.com/short/znht7p</datasheet>
      <libsource lib="Device" part="C" description="Unpolarized capacitor"/>
      <sheetpath names="/" tstamps="/"/>
      <tstamp>5F8BA0B8</tstamp>
    </comp>
    <comp ref="C21">
      <value>0.01u</value>
      <footprint>Capacitor_SMD:C_0603_1608Metric</footprint>
      <datasheet>https://www.digikey.com/short/znht7p</datasheet>
      <libsource lib="Device" part="C" description="Unpolarized capacitor"/>
      <sheetpath names="/" tstamps="/"/>
      <tstamp>5F8BE096</tstamp>
    </comp>
    <comp ref="C20">
      <value>0.01u</value>
      <footprint>Capacitor_SMD:C_0603_1608Metric</footprint>
      <datasheet>https://www.digikey.com/short/znht7p</datasheet>
      <libsource lib="Device" part="C" description="Unpolarized capacitor"/>
      <sheetpath names="/" tstamps="/"/>
      <tstamp>5F8BF416</tstamp>
    </comp>
    <comp ref="C13">
      <value>0.01u</value>
      <footprint>Capacitor_SMD:C_0603_1608Metric</footprint>
      <datasheet>https://www.digikey.com/short/znht7p</datasheet>
      <libsource lib="Device" part="C" description="Unpolarized capacitor"/>
      <sheetpath names="/" tstamps="/"/>
      <tstamp>5F7DED7C</tstamp>
    </comp>
    <comp ref="R7">
      <value>100</value>
      <footprint>Resistor_SMD:R_0603_1608Metric</footprint>
      <datasheet>https://www.digikey.com/short/znhvnf</datasheet>
      <libsource lib="Device" part="R" description="Resistor"/>
      <sheetpath names="/" tstamps="/"/>
      <tstamp>5F8D1B9C</tstamp>
    </comp>
    <comp ref="R8">
      <value>0,&lt;0.3 mOhm</value>
      <footprint>Resistor_SMD:R_0603_1608Metric</footprint>
      <datasheet>https://www.digikey.com/short/znhtqv</datasheet>
      <libsource lib="Device" part="R" description="Resistor"/>
      <sheetpath names="/" tstamps="/"/>
      <tstamp>5F9109D4</tstamp>
    </comp>
    <comp ref="R9">
      <value>0,&lt;0.3 mOhm</value>
      <footprint>Resistor_SMD:R_0603_1608Metric</footprint>
      <datasheet>https://www.digikey.com/short/znhtqv</datasheet>
      <libsource lib="Device" part="R" description="Resistor"/>
      <sheetpath names="/" tstamps="/"/>
      <tstamp>5F913E63</tstamp>
    </comp>
  </components>
  <libparts>
    <libpart lib="Connector" part="Conn_Coaxial">
      <description>coaxial connector (BNC, SMA, SMB, SMC, Cinch/RCA, ...)</description>
      <docs> ~</docs>
      <footprints>
        <fp>*BNC*</fp>
        <fp>*SMA*</fp>
        <fp>*SMB*</fp>
        <fp>*SMC*</fp>
        <fp>*Cinch*</fp>
      </footprints>
      <fields>
        <field name="Reference">J</field>
        <field name="Value">Conn_Coaxial</field>
      </fields>
      <pins>
        <pin num="1" name="In" type="passive"/>
        <pin num="2" name="Ext" type="passive"/>
      </pins>
    </libpart>
    <libpart lib="Connector" part="Conn_Coaxial_Power">
      <description>coaxial connector (BNC, SMA, SMB, SMC, Cinch/RCA, ...)</description>
      <docs>~</docs>
      <footprints>
        <fp>*BNC*</fp>
        <fp>*SMA*</fp>
        <fp>*SMB*</fp>
        <fp>*SMC*</fp>
        <fp>*Cinch*</fp>
      </footprints>
      <fields>
        <field name="Reference">J</field>
        <field name="Value">Conn_Coaxial_Power</field>
      </fields>
      <pins>
        <pin num="1" name="In" type="passive"/>
        <pin num="2" name="Ext" type="passive"/>
      </pins>
    </libpart>
    <libpart lib="Connector_Generic" part="Conn_01x06">
      <description>Generic connector, single row, 01x06, script generated (kicad-library-utils/schlib/autogen/connector/)</description>
      <docs>~</docs>
      <footprints>
        <fp>Connector*:*_1x??_*</fp>
      </footprints>
      <fields>
        <field name="Reference">J</field>
        <field name="Value">Conn_01x06</field>
      </fields>
      <pins>
        <pin num="1" name="Pin_1" type="passive"/>
        <pin num="2" name="Pin_2" type="passive"/>
        <pin num="3" name="Pin_3" type="passive"/>
        <pin num="4" name="Pin_4" type="passive"/>
        <pin num="5" name="Pin_5" type="passive"/>
        <pin num="6" name="Pin_6" type="passive"/>
      </pins>
    </libpart>
    <libpart lib="Connector_Generic" part="Conn_02x10_Odd_Even">
      <description>Generic connector, double row, 02x10, odd/even pin numbering scheme (row 1 odd numbers, row 2 even numbers), script generated (kicad-library-utils/schlib/autogen/connector/)</description>
      <docs>~</docs>
      <footprints>
        <fp>Connector*:*_2x??_*</fp>
      </footprints>
      <fields>
        <field name="Reference">J</field>
        <field name="Value">Conn_02x10_Odd_Even</field>
      </fields>
      <pins>
        <pin num="1" name="Pin_1" type="passive"/>
        <pin num="2" name="Pin_2" type="passive"/>
        <pin num="3" name="Pin_3" type="passive"/>
        <pin num="4" name="Pin_4" type="passive"/>
        <pin num="5" name="Pin_5" type="passive"/>
        <pin num="6" name="Pin_6" type="passive"/>
        <pin num="7" name="Pin_7" type="passive"/>
        <pin num="8" name="Pin_8" type="passive"/>
        <pin num="9" name="Pin_9" type="passive"/>
        <pin num="10" name="Pin_10" type="passive"/>
        <pin num="11" name="Pin_11" type="passive"/>
        <pin num="12" name="Pin_12" type="passive"/>
        <pin num="13" name="Pin_13" type="passive"/>
        <pin num="14" name="Pin_14" type="passive"/>
        <pin num="15" name="Pin_15" type="passive"/>
        <pin num="16" name="Pin_16" type="passive"/>
        <pin num="17" name="Pin_17" type="passive"/>
        <pin num="18" name="Pin_18" type="passive"/>
        <pin num="19" name="Pin_19" type="passive"/>
        <pin num="20" name="Pin_20" type="passive"/>
      </pins>
    </libpart>
    <libpart lib="Device" part="C">
      <description>Unpolarized capacitor</description>
      <docs>~</docs>
      <footprints>
        <fp>C_*</fp>
      </footprints>
      <fields>
        <field name="Reference">C</field>
        <field name="Value">C</field>
      </fields>
      <pins>
        <pin num="1" name="~" type="passive"/>
        <pin num="2" name="~" type="passive"/>
      </pins>
    </libpart>
    <libpart lib="Device" part="L">
      <description>Inductor</description>
      <docs>~</docs>
      <footprints>
        <fp>Choke_*</fp>
        <fp>*Coil*</fp>
        <fp>Inductor_*</fp>
        <fp>L_*</fp>
      </footprints>
      <fields>
        <field name="Reference">L</field>
        <field name="Value">L</field>
      </fields>
      <pins>
        <pin num="1" name="1" type="passive"/>
        <pin num="2" name="2" type="passive"/>
      </pins>
    </libpart>
    <libpart lib="Device" part="R">
      <description>Resistor</description>
      <docs>~</docs>
      <footprints>
        <fp>R_*</fp>
      </footprints>
      <fields>
        <field name="Reference">R</field>
        <field name="Value">R</field>
      </fields>
      <pins>
        <pin num="1" name="~" type="passive"/>
        <pin num="2" name="~" type="passive"/>
      </pins>
    </libpart>
    <libpart lib="Mechanical" part="MountingHole">
      <description>Mounting Hole without connection</description>
      <docs>~</docs>
      <footprints>
        <fp>MountingHole*</fp>
      </footprints>
      <fields>
        <field name="Reference">H</field>
        <field name="Value">MountingHole</field>
      </fields>
    </libpart>
    <libpart lib="SAR_pcb-rescue" part="10B_SAR-SAR_ADC">
      <fields>
        <field name="Reference">U</field>
        <field name="Value">10B_SAR-SAR_ADC</field>
      </fields>
      <pins>
        <pin num="1" name="AVSS3" type="input"/>
        <pin num="2" name="AVDD3" type="input"/>
        <pin num="3" name="VINM" type="input"/>
        <pin num="4" name="VINP" type="input"/>
        <pin num="5" name="VREFP2" type="input"/>
        <pin num="6" name="VREFP1" type="input"/>
        <pin num="7" name="VREFP0" type="input"/>
        <pin num="8" name="AVDD2" type="input"/>
        <pin num="9" name="AVSS2" type="input"/>
        <pin num="10" name="VDDPST2" type="input"/>
        <pin num="11" name="VDD1" type="input"/>
        <pin num="12" name="VDD2" type="input"/>
        <pin num="13" name="RST_B" type="input"/>
        <pin num="14" name="D9" type="input"/>
        <pin num="15" name="D8" type="input"/>
        <pin num="16" name="VDDPST3" type="input"/>
        <pin num="17" name="D7" type="input"/>
        <pin num="18" name="D6" type="input"/>
        <pin num="19" name="D5" type="input"/>
        <pin num="20" name="D4" type="input"/>
        <pin num="21" name="D3" type="input"/>
        <pin num="22" name="D2" type="input"/>
        <pin num="23" name="D1" type="input"/>
        <pin num="24" name="D0" type="input"/>
        <pin num="25" name="VDD3" type="input"/>
        <pin num="26" name="VDDPST1" type="input"/>
        <pin num="27" name="CLK_C" type="input"/>
        <pin num="28" name="CLK_S" type="input"/>
        <pin num="29" name="CLK" type="input"/>
        <pin num="30" name="VREFM" type="input"/>
        <pin num="31" name="AVDD1" type="input"/>
        <pin num="32" name="AVSS1" type="input"/>
        <pin num="33" name="GNDPD" type="BiDi"/>
      </pins>
    </libpart>
    <libpart lib="Switch" part="SW_DIP_x02">
      <description>2x DIP Switch, Single Pole Single Throw (SPST) switch, small symbol</description>
      <docs>~</docs>
      <footprints>
        <fp>SW?DIP?x2*</fp>
      </footprints>
      <fields>
        <field name="Reference">SW</field>
        <field name="Value">SW_DIP_x02</field>
      </fields>
      <pins>
        <pin num="1" name="~" type="passive"/>
        <pin num="2" name="~" type="passive"/>
        <pin num="3" name="~" type="passive"/>
        <pin num="4" name="~" type="passive"/>
      </pins>
    </libpart>
  </libparts>
  <libraries>
    <library logical="Connector">
      <uri>C:\Program Files\KiCad\share\kicad\library/Connector.lib</uri>
    </library>
    <library logical="Connector_Generic">
      <uri>C:\Program Files\KiCad\share\kicad\library/Connector_Generic.lib</uri>
    </library>
    <library logical="Device">
      <uri>C:\Program Files\KiCad\share\kicad\library/Device.lib</uri>
    </library>
    <library logical="Mechanical">
      <uri>C:\Program Files\KiCad\share\kicad\library/Mechanical.lib</uri>
    </library>
    <library logical="SAR_pcb-rescue">
      <uri>C:\Users\Dylan\Documents\Grad School stuff\S20\Digital_IC\ECE725\SAR_pcb_v2A/SAR_pcb-rescue.lib</uri>
    </library>
    <library logical="Switch">
      <uri>C:\Program Files\KiCad\share\kicad\library/Switch.lib</uri>
    </library>
  </libraries>
  <nets>
    <net code="1" name="GND">
      <node ref="J4" pin="2"/>
      <node ref="C16" pin="2"/>
      <node ref="J10" pin="2"/>
      <node ref="J9" pin="2"/>
      <node ref="J4" pin="4"/>
      <node ref="C19" pin="2"/>
      <node ref="C17" pin="2"/>
      <node ref="J3" pin="14"/>
      <node ref="C13" pin="2"/>
      <node ref="C2" pin="2"/>
      <node ref="C20" pin="2"/>
      <node ref="C21" pin="2"/>
      <node ref="C18" pin="2"/>
      <node ref="J1" pin="2"/>
      <node ref="C3" pin="2"/>
      <node ref="U2" pin="32"/>
      <node ref="J4" pin="6"/>
      <node ref="J2" pin="2"/>
      <node ref="U2" pin="1"/>
      <node ref="U2" pin="9"/>
      <node ref="L1" pin="2"/>
      <node ref="U2" pin="33"/>
      <node ref="U2" pin="30"/>
      <node ref="C15" pin="2"/>
      <node ref="SW1" pin="4"/>
      <node ref="SW1" pin="3"/>
      <node ref="C1" pin="2"/>
      <node ref="J3" pin="10"/>
      <node ref="J3" pin="12"/>
      <node ref="L2" pin="2"/>
      <node ref="C14" pin="2"/>
      <node ref="J3" pin="16"/>
      <node ref="J3" pin="4"/>
      <node ref="J3" pin="20"/>
      <node ref="J3" pin="6"/>
      <node ref="J3" pin="2"/>
      <node ref="J3" pin="18"/>
      <node ref="J3" pin="8"/>
    </net>
    <net code="2" name="VDDPST">
      <node ref="U2" pin="26"/>
      <node ref="C19" pin="1"/>
      <node ref="C20" pin="1"/>
      <node ref="R6" pin="1"/>
      <node ref="U2" pin="10"/>
      <node ref="U2" pin="16"/>
      <node ref="C14" pin="1"/>
      <node ref="J4" pin="3"/>
      <node ref="C2" pin="1"/>
    </net>
    <net code="3" name="D5">
      <node ref="J3" pin="11"/>
      <node ref="U2" pin="19"/>
    </net>
    <net code="4" name="D0">
      <node ref="J3" pin="1"/>
      <node ref="U2" pin="24"/>
    </net>
    <net code="5" name="CLK+">
      <node ref="J9" pin="1"/>
      <node ref="R4" pin="1"/>
      <node ref="R5" pin="2"/>
    </net>
    <net code="6" name="CLK_FILT">
      <node ref="U2" pin="29"/>
      <node ref="R1" pin="1"/>
      <node ref="R5" pin="1"/>
    </net>
    <net code="7" name="Net-(L2-Pad1)">
      <node ref="L2" pin="1"/>
      <node ref="R4" pin="2"/>
    </net>
    <net code="8" name="D1">
      <node ref="J3" pin="3"/>
      <node ref="U2" pin="23"/>
    </net>
    <net code="9" name="D4">
      <node ref="U2" pin="20"/>
      <node ref="J3" pin="9"/>
    </net>
    <net code="10" name="D3">
      <node ref="U2" pin="21"/>
      <node ref="J3" pin="7"/>
    </net>
    <net code="11" name="D2">
      <node ref="U2" pin="22"/>
      <node ref="J3" pin="5"/>
    </net>
    <net code="12" name="D9">
      <node ref="J3" pin="19"/>
      <node ref="U2" pin="14"/>
    </net>
    <net code="13" name="D8">
      <node ref="J3" pin="17"/>
      <node ref="U2" pin="15"/>
    </net>
    <net code="14" name="D7">
      <node ref="J3" pin="15"/>
      <node ref="U2" pin="17"/>
    </net>
    <net code="15" name="D6">
      <node ref="J3" pin="13"/>
      <node ref="U2" pin="18"/>
    </net>
    <net code="16" name="Net-(R9-Pad2)">
      <node ref="R9" pin="2"/>
    </net>
    <net code="17" name="Net-(R9-Pad1)">
      <node ref="R9" pin="1"/>
    </net>
    <net code="18" name="Net-(R8-Pad2)">
      <node ref="R8" pin="2"/>
    </net>
    <net code="19" name="Net-(R8-Pad1)">
      <node ref="R8" pin="1"/>
    </net>
    <net code="20" name="VIN-">
      <node ref="J1" pin="1"/>
      <node ref="U2" pin="3"/>
      <node ref="R7" pin="2"/>
    </net>
    <net code="21" name="VIN+">
      <node ref="U2" pin="4"/>
      <node ref="J2" pin="1"/>
      <node ref="R7" pin="1"/>
    </net>
    <net code="22" name="RST">
      <node ref="U2" pin="13"/>
      <node ref="SW1" pin="1"/>
      <node ref="R6" pin="2"/>
      <node ref="SW1" pin="2"/>
      <node ref="C16" pin="1"/>
    </net>
    <net code="23" name="VDD">
      <node ref="C17" pin="1"/>
      <node ref="U2" pin="2"/>
      <node ref="U2" pin="12"/>
      <node ref="C1" pin="1"/>
      <node ref="C13" pin="1"/>
      <node ref="J4" pin="1"/>
      <node ref="C21" pin="1"/>
      <node ref="C18" pin="1"/>
      <node ref="U2" pin="11"/>
      <node ref="U2" pin="8"/>
      <node ref="U2" pin="25"/>
      <node ref="U2" pin="31"/>
    </net>
    <net code="24" name="VREF">
      <node ref="U2" pin="7"/>
      <node ref="U2" pin="5"/>
      <node ref="J4" pin="5"/>
      <node ref="U2" pin="6"/>
      <node ref="C15" pin="1"/>
      <node ref="C3" pin="1"/>
    </net>
    <net code="25" name="Net-(R1-Pad2)">
      <node ref="R1" pin="2"/>
      <node ref="U2" pin="27"/>
    </net>
    <net code="26" name="CLK_S_FILT">
      <node ref="R3" pin="1"/>
      <node ref="U2" pin="28"/>
    </net>
    <net code="27" name="Net-(L1-Pad1)">
      <node ref="L1" pin="1"/>
      <node ref="R2" pin="2"/>
    </net>
    <net code="28" name="CLK-">
      <node ref="R2" pin="1"/>
      <node ref="J10" pin="1"/>
      <node ref="R3" pin="2"/>
    </net>
  </nets>
</export>
